<?xml version="1.0" encoding="UTF-8"?>
<!DOCTYPE suite SYSTEM "https://testng.org/testng-1.0.dtd">
<suite parallel="classes" name="Suite" verbose="5">
  <test thread-count="5" parallel="classes" name="Test">
 <parameter name="browser" value="chrome"></parameter>
 <parameter name ="url" value="http://leaftaps.com/opentaps/"></parameter>   
    <classes>
          <class name="testcases.LoginLogout"/>
          <class name="testcases.CreateLead"/>
    </classes>
  </test> <!-- Test -->
</suite> <!-- Suite -->
